OBJECTID,LAD20CD,LAD20NM,LAD20NMW,BNG_E,BNG_N,LONG,LAT,Shape__Area,Shape__Length
1,E06000001,Hartlepool, ,447160,531474,-1.27018,54.67614,96029870.6708221,51065.2959126343
2,E06000002,Middlesbrough, ,451141,516887,-1.21099,54.54467,55231394.2093506,35500.3867452485
3,E06000003,Redcar and Cleveland, ,464361,519597,-1.00608,54.56752,248342847.943848,78449.3892396539
4,E06000004,Stockton-on-Tees, ,444940,518183,-1.30664,54.556911,205231414.427643,87566.566060878
5,E06000005,Darlington, ,428029,515648,-1.56835,54.535339,198812770.766724,91926.8395447382
6,E06000006,Halton, ,354246,382146,-2.68853,53.33424,82890886.7071991,59054.981307065
7,E06000007,Warrington, ,362744,388456,-2.56167,53.391628,178742992.981346,71969.4867081409
8,E06000008,Blackburn with Darwen, ,369490,422806,-2.4636,53.700802,139386372.837677,55099.1506570023
9,E06000009,Blackpool, ,332819,436635,-3.02199,53.82164,33544769.4871216,29836.1563680106
10,E06000010,"Kingston upon Hull, City of", ,511894,431650,-0.30382,53.769199,70878198.3373108,41042.5011604266
11,E06000011,East Riding of Yorkshire, ,488056,443597,-0.66195,53.881119,2412613738.89523,340793.497810578
12,E06000012,North East Lincolnshire, ,523465,404564,-0.13911,53.52327,187657861.148621,75953.9464686513
13,E06000013,North Lincolnshire, ,497800,410993,-0.52407,53.58643,846504712.657303,177069.182075893
14,E06000014,York, ,460864,452589,-1.07375,53.96582,275337364.606918,84229.8119266521
15,E06000015,Derby, ,435609,335375,-1.47189,52.914639,78270268.2160492,40201.8369858684
16,E06000016,Leicester, ,458946,304594,-1.1304,52.635921,73589165.1551971,40830.2301887663
17,E06000017,Rutland, ,492992,308655,-0.6263,52.667648,392185479.476913,96395.3187509396
18,E06000018,Nottingham, ,456082,339969,-1.16667,52.954189,75870408.9552002,49574.8901430337
19,E06000019,"Herefordshire, County of", ,349434,242834,-2.73931,52.081539,2180535921.47885,285426.725653293
20,E06000020,Telford and Wrekin, ,367035,313057,-2.48941,52.714169,291802973.438316,93575.1938714998
21,E06000021,Stoke-on-Trent, ,389438,346652,-2.15888,53.017071,92988650.0173569,51304.0331368415
22,E06000022,Bath and North East Somerset, ,366217,161999,-2.48654,51.356041,348611816.21056,107062.696328706
23,E06000023,"Bristol, City of", ,359990,174846,-2.57742,51.471149,109330796.983864,63557.8612004235
24,E06000024,North Somerset, ,347614,166718,-2.75438,51.39706,372311828.356541,109731.313803356
25,E06000025,South Gloucestershire, ,367559,183198,-2.46922,51.54673,522992145.367832,116032.943494706
26,E06000026,Plymouth, ,249945,58255,-4.11297,50.404942,82887770.2532616,49419.7959385561
27,E06000027,Torbay, ,289730,64613,-3.55523,50.470921,64585349.2308092,56146.1355861174
28,E06000030,Swindon, ,418551,186564,-1.73367,51.577629,227720526.640511,83649.2541969909
29,E06000031,Peterborough, ,517372,300777,-0.26874,52.59214,341526539.430695,97208.3826482827
30,E06000032,Luton, ,508606,222559,-0.42319,51.891022,44068117.7992706,30772.5559397546
31,E06000033,Southend-on-Sea, ,587777,186837,0.706923,51.549171,44205147.5177689,33131.3544512127
32,E06000034,Thurrock, ,562123,181590,0.334861,51.509979,162739408.424057,68731.0048286447
33,E06000035,Medway, ,578207,175198,0.563174,51.44772,191217828.310158,112723.919080566
34,E06000036,Bracknell Forest, ,488169,168792,-0.73363,51.411301,108233672.335564,57917.0191370737
35,E06000037,West Berkshire, ,450575,172095,-1.27364,51.445591,701217777.186142,143114.430665937
36,E06000038,Reading, ,470226,173154,-0.99071,51.453018,41326311.0230942,30503.9475666732
37,E06000039,Slough, ,498920,179246,-0.57617,51.503502,32201925.6620255,37004.5367813503
38,E06000040,Windsor and Maidenhead, ,492079,176541,-0.67541,51.480339,197867256.121666,102785.912931044
39,E06000041,Wokingham, ,476624,169902,-0.89935,51.422958,179124859.588287,75874.0016677131
40,E06000042,Milton Keynes, ,486408,242308,-0.7407,52.072411,309327268.513161,87925.4078110089
41,E06000043,Brighton and Hove, ,530279,106850,-0.15079,50.8465,85523816.9098053,48465.2595079761
42,E06000044,Portsmouth, ,465619,101352,-1.07006,50.807999,39178188.5313911,51554.1793642027
43,E06000045,Southampton, ,442303,113700,-1.39952,50.9212,53090944.0732155,38059.1784530292
44,E06000046,Isle of Wight, ,447183,85949,-1.33366,50.671291,381511432.427771,107978.588403458
45,E06000047,County Durham, ,410381,532242,-1.8405,54.685131,2231981189.7086,263873.617316414
46,E06000049,Cheshire East, ,380510,363462,-2.29299,53.167931,1168796057.55982,236392.416985265
47,E06000050,Cheshire West and Chester, ,353097,363145,-2.70298,53.163361,916831933.27861,214193.425388783
48,E06000051,Shropshire, ,350227,302960,-2.73667,52.62212,3188264185.4566,469624.12470206
49,E06000052,Cornwall, ,212497,64493,-4.64254,50.450218,3575746111.94126,546004.838435013
50,E06000053,Isles of Scilly, ,91327,11447,-6.30217,49.923321,13752661.8738602,40530.3596244933
51,E06000054,Wiltshire, ,405209,158863,-1.92661,51.328831,3258221477.74877,348922.106721656
52,E06000055,Bedford, ,505721,256463,-0.45463,52.196281,475803430.167877,115931.402375604
53,E06000056,Central Bedfordshire, ,504615,234492,-0.47754,51.999031,709169826.973618,200740.568495412
54,E06000057,Northumberland, ,395322,600699,-2.07523,55.300369,5027276699.47932,424657.525904155
55,E06000058,"Bournemouth, Christchurch and Poole", ,410815,94066,-1.84807,50.74609,162067280.153263,94498.4970523302
56,E06000059,Dorset, ,370871,99796,-2.41467,50.79697,2487596432.62583,388925.084855931
57,E06000060,Buckinghamshire, ,482506,208561,-0.80569,51.769661,1572439224.26833,301381.02531839
58,E07000008,Cambridge, ,545420,257901,0.126436,52.200169,40207020.3266754,30618.5641218865
59,E07000009,East Cambridgeshire, ,555576,275765,0.283149,52.35788,657742533.360123,166638.442876232
60,E07000010,Fenland, ,536361,294959,0.009016,52.535439,548320875.846436,136403.379974395
61,E07000011,Huntingdonshire, ,521008,274269,-0.2247,52.353149,911218575.238808,193568.986000984
62,E07000012,South Cambridgeshire, ,543295,247586,0.091017,52.108051,898564128.722878,225220.831060765
63,E07000026,Allerdale, ,317520,532997,-3.2809,54.685242,1255997419.51851,202114.662099207
64,E07000027,Barrow-in-Furness, ,321741,474165,-3.1999,54.15731,74597924.0627747,85581.545494558
65,E07000028,Carlisle, ,348576,565154,-2.80498,54.978329,1041241339.66609,179473.925183638
66,E07000029,Copeland, ,310871,508739,-3.37664,54.466171,740589572.968643,142439.232914636
67,E07000030,Eden, ,359636,526396,-2.62678,54.631069,2159468222.06961,236157.203157497
68,E07000031,South Lakeland, ,349265,489555,-2.78108,54.29908,1560618821.14403,239586.895187671
69,E07000032,Amber Valley, ,436166,348084,-1.46219,53.028839,267681266.486084,85444.7262481982
70,E07000033,Bolsover, ,448666,371548,-1.27228,53.23875,160954585.782211,82096.4194763555
71,E07000034,Chesterfield, ,440049,373359,-1.40115,53.255749,65592701.8692932,41521.4567240287
72,E07000035,Derbyshire Dales, ,419697,358493,-1.70711,53.12326,795379595.210716,197736.975829844
73,E07000036,Erewash, ,443721,338063,-1.3509,52.938202,108863746.303848,57580.622577382
74,E07000037,High Peak, ,410474,387660,-1.84398,53.385689,539851897.894226,133612.92951375
75,E07000038,North East Derbyshire, ,437369,362955,-1.44253,53.16243,274688141.146515,129145.462960491
76,E07000039,South Derbyshire, ,431443,325363,-1.5348,52.824902,336648446.103371,128744.988918728
77,E07000040,East Devon, ,313790,96050,-3.22359,50.757599,818295895.258776,169999.596103481
78,E07000041,Exeter, ,293239,92005,-3.51368,50.717819,46654961.8498783,30622.2212779731
79,E07000042,Mid Devon, ,288064,108911,-3.59212,50.86882,906820123.649376,204276.477064197
80,E07000043,North Devon, ,265110,132532,-3.92691,51.07621,1091493100.01058,198485.351523007
81,E07000044,South Hams, ,270676,54036,-3.81996,50.371948,892121498.157036,234574.690558979
82,E07000045,Teignbridge, ,283144,80205,-3.65289,50.60981,676060075.139736,132633.259232417
83,E07000046,Torridge, ,244206,114334,-4.21728,50.907391,986367932.267868,225483.644618089
84,E07000047,West Devon, ,256376,86999,-4.03361,50.66489,1167171395.59636,203128.9016415
85,E07000061,Eastbourne, ,559339,99575,0.258516,50.773869,44412284.8850784,29565.2269771294
86,E07000062,Hastings, ,581528,110694,0.578395,50.867241,29408062.0214348,27724.9801132081
87,E07000063,Lewes, ,541474,105686,0.007671,50.833408,292471813.317768,94178.2261197299
88,E07000064,Rother, ,578721,119666,0.542937,50.948711,515728948.909904,134081.528400286
89,E07000065,Wealden, ,555048,117180,0.205156,50.93322,839406175.025284,169033.736900511
90,E07000066,Basildon, ,571548,190848,0.475055,51.590359,110769915.588104,48910.440207443
91,E07000067,Braintree, ,577253,227335,0.575911,51.91634,612574968.507874,131727.891724061
92,E07000068,Brentwood, ,558560,196070,0.290091,51.641079,153037244.153191,62499.6745087456
93,E07000069,Castle Point, ,579490,187920,0.588084,51.561588,43417519.9310455,39590.0550361793
94,E07000070,Chelmsford, ,572116,206972,0.491177,51.735031,340537513.556282,94187.1167627565
95,E07000071,Colchester, ,596944,223693,0.859777,51.877022,334457052.211197,119135.191012115
96,E07000072,Epping Forest, ,548919,203758,0.154147,51.712791,339301257.055405,101264.806748073
97,E07000073,Harlow, ,545276,209589,0.103888,51.76614,29849413.0761337,22091.2206166716
98,E07000074,Maldon, ,591413,212072,0.773106,51.774578,362473002.350021,146325.102480838
99,E07000075,Rochford, ,585979,191417,0.683442,51.5909,167086945.679214,104163.667838914
100,E07000076,Tendring, ,614190,222141,1.108981,51.856739,330776120.817688,136935.301358037
101,E07000077,Uttlesford, ,557832,228865,0.294485,51.935921,645320729.848,138938.254981938
102,E07000078,Cheltenham, ,394925,222232,-2.07515,51.898609,46538844.8123627,31000.6848909493
103,E07000079,Cotswold, ,402125,208209,-1.97059,51.772549,1167648900.8812,275881.53107461
104,E07000080,Forest of Dean, ,367175,212759,-2.47755,51.812489,556456298.145897,165365.449723125
105,E07000081,Gloucester, ,384071,216449,-2.23263,51.846409,40597168.8924408,28016.8047040126
106,E07000082,Stroud, ,378807,202410,-2.30818,51.720009,472511138.827713,142776.214299069
107,E07000083,Tewkesbury, ,386347,226279,-2.19998,51.934849,413608560.425072,170195.507768741
108,E07000084,Basingstoke and Deane, ,454508,151423,-1.22021,51.259369,634599233.280537,122971.049818635
109,E07000085,East Hampshire, ,474404,129237,-0.93971,51.057652,513794826.423504,125516.333157328
110,E07000086,Eastleigh, ,447202,116802,-1.32943,50.948719,77756128.4331474,54486.1417028277
111,E07000087,Fareham, ,453774,106319,-1.23742,50.853882,73320887.0305138,46543.3100652584
112,E07000088,Gosport, ,458769,101088,-1.16731,50.806358,26230445.3129311,27072.233950435
113,E07000089,Hart, ,477985,154240,-0.88321,51.281971,213323430.307495,65754.7794881366
114,E07000090,Havant, ,470178,108564,-1.00398,50.872311,55975394.0125771,62451.2469264612
115,E07000091,New Forest, ,428748,106521,-1.59293,50.857479,755101011.62442,168101.481261694
116,E07000092,Rushmoor, ,486022,153944,-0.76807,51.278149,39413424.6417465,26427.419434277
117,E07000093,Test Valley, ,434930,137329,-1.50214,51.134171,626217820.387749,158135.341128813
118,E07000094,Winchester, ,453115,125901,-1.24393,51.030022,660893003.930145,142796.070019979
119,E07000095,Broxbourne, ,534742,204251,-0.05073,51.720798,51741960.7321396,34985.1175302326
120,E07000096,Dacorum, ,500084,208745,-0.55098,51.768452,214795770.022247,93212.9647855771
121,E07000098,Hertsmere, ,519774,199352,-0.26899,51.680168,99202699.2589111,52255.2330688981
122,E07000099,North Hertfordshire, ,522192,230256,-0.22314,51.957378,372012879.615173,142748.346122292
123,E07000102,Three Rivers, ,507313,196418,-0.45005,51.656319,88926530.028038,64616.3511846815
124,E07000103,Watford, ,510441,198197,-0.40429,51.6717,22713922.5201874,21681.0689271707
125,E07000105,Ashford, ,597640,140644,0.823374,51.130959,582956339.772667,122616.908222331
126,E07000106,Canterbury, ,616032,158096,1.096342,51.281021,308421546.637276,95797.2583476351
127,E07000107,Dartford, ,556167,172917,0.245276,51.433731,72797356.9677353,44130.3271614716
128,E07000108,Dover, ,628964,150942,1.276887,51.211761,313015687.612572,93872.7889650679
129,E07000109,Gravesham, ,566969,169114,0.398744,51.396488,95968939.3990173,50000.8990446649
130,E07000110,Maidstone, ,580489,151670,0.584061,51.235661,392203482.572571,101298.680377461
131,E07000111,Sevenoaks, ,552776,155218,0.188936,51.275631,370530445.486061,111493.944282884
132,E07000112,Folkestone and Hythe, ,610318,134595,1.000795,51.072128,360190194.566109,127915.475125448
133,E07000113,Swale, ,593583,161818,0.776893,51.32251,372073571.880867,163246.330150154
134,E07000114,Thanet, ,631839,166752,1.328226,51.35252,104353873.404869,46248.5490649339
135,E07000115,Tonbridge and Malling, ,564014,153898,0.349306,51.260639,243613407.557228,91656.6902734208
136,E07000116,Tunbridge Wells, ,573139,136599,0.471632,51.102539,327429439.059631,117002.359413129
137,E07000117,Burnley, ,384886,430882,-2.2308,53.774059,111744597.970947,48840.1303004996
138,E07000118,Chorley, ,359189,419724,-2.61921,53.672401,202983727.285568,77347.7464790319
139,E07000119,Fylde, ,339554,433811,-2.91914,53.797089,164117281.994919,67335.5236935594
140,E07000120,Hyndburn, ,374407,428971,-2.38964,53.756481,73015503.1617584,36312.5104655109
141,E07000121,Lancaster, ,356896,464988,-2.6603,54.07901,580198291.074646,167797.392829473
142,E07000122,Pendle, ,387637,443368,-2.18957,53.88636,166912809.701309,66104.8783597392
143,E07000123,Preston, ,352825,436432,-2.71809,53.822021,142889484.479782,61284.8615313238
144,E07000124,Ribble Valley, ,372687,447676,-2.4174,53.9245,583088640.570694,127503.242525107
145,E07000125,Rossendale, ,382827,420955,-2.26149,53.68478,136992197.340469,62470.7413737989
146,E07000126,South Ribble, ,352017,425840,-2.72871,53.726749,115175204.762802,66247.3907158228
147,E07000127,West Lancashire, ,342611,413270,-2.86893,53.612831,347370085.528893,108677.626451364
148,E07000128,Wyre, ,347295,445159,-2.80359,53.89991,285610634.253662,114119.197251463
149,E07000129,Blaby, ,454385,297994,-1.19887,52.577061,130075520.505974,80278.7476985504
150,E07000130,Charnwood, ,458365,316155,-1.13694,52.739899,275627201.428268,93463.6246503569
151,E07000131,Harborough, ,474549,293875,-0.90229,52.537659,594890301.120895,142448.602364299
152,E07000132,Hinckley and Bosworth, ,439538,301379,-1.41755,52.608768,300065242.895699,93517.8416562169
153,E07000133,Melton, ,477328,323472,-0.8544,52.803291,484033976.370895,116588.575160207
154,E07000134,North West Leicestershire, ,439111,316252,-1.42209,52.7425,278295763.715363,95775.8668063787
155,E07000135,Oadby and Wigston, ,461543,299379,-1.093,52.588749,23221816.1054306,23050.2510544195
156,E07000136,Boston, ,526851,343953,-0.11218,52.97794,365480950.928024,105055.966415107
157,E07000137,East Lindsey, ,534861,376064,0.020516,53.264462,1772840626.01961,207037.178715188
158,E07000138,Lincoln, ,496347,370096,-0.55848,53.219212,34776950.2810211,28546.9242862253
159,E07000139,North Kesteven, ,502135,354788,-0.4767,53.080582,921048722.357071,163501.578604876
160,E07000140,South Holland, ,532910,322928,-0.03057,52.787579,755106093.148575,141550.211873492
161,E07000141,South Kesteven, ,501406,328986,-0.49565,52.84885,942016773.32338,184694.096770289
162,E07000142,West Lindsey, ,499314,390326,-0.50774,53.40044,1158109574.94255,221129.390113854
163,E07000143,Breckland, ,591015,303330,0.818716,52.594212,1301635291.91696,206994.718333475
164,E07000144,Broadland, ,619864,315909,1.252317,52.69622,551971935.543442,166558.484557316
165,E07000145,Great Yarmouth, ,646761,315881,1.64951,52.684391,180470408.017853,76391.0020373951
166,E07000146,King's Lynn and West Norfolk, ,571219,315805,0.533243,52.71283,1437543521.63818,243140.331059106
167,E07000147,North Norfolk, ,611076,330857,1.132099,52.833889,961332382.322296,222421.302207638
168,E07000148,Norwich, ,622355,309773,1.284979,52.640129,39013087.0110321,35520.6943754003
169,E07000149,South Norfolk, ,628990,295823,1.373233,52.51218,908690749.45256,197259.780692859
170,E07000150,Corby, ,487862,290681,-0.7069,52.506969,80022082.8730469,52976.1744786332
171,E07000151,Daventry, ,467286,268437,-1.01447,52.30994,664302156.944504,146438.474228952
172,E07000152,East Northamptonshire, ,501344,287839,-0.5092,52.479092,509088787.388039,138054.510683556
173,E07000153,Kettering, ,483866,282852,-0.76773,52.437229,236661757.825645,79582.6270829398
174,E07000154,Northampton, ,476495,260539,-0.88121,52.237751,82550641.3607712,38381.6880843434
175,E07000155,South Northamptonshire, ,463000,247077,-1.08129,52.118439,627655460.084946,185039.866123709
176,E07000156,Wellingborough, ,487787,266827,-0.71425,52.29258,166028815.974121,61125.3161624824
177,E07000163,Craven, ,389513,461989,-2.16168,54.053761,1183446002.04614,173493.435786727
178,E07000164,Hambleton, ,443009,490546,-1.34049,54.30872,1308990477.64587,256073.990725756
179,E07000165,Harrogate, ,427473,464652,-1.58161,54.07708,1306604424.52837,211576.8818007
180,E07000166,Richmondshire, ,401039,495786,-1.98552,54.357609,1322210844.88812,196158.860431074
181,E07000167,Ryedale, ,475590,478890,-0.84277,54.200211,1510343027.0892,220948.363092817
182,E07000168,Scarborough, ,495798,495548,-0.52778,54.3465,816224490.182709,200718.188326702
183,E07000169,Selby, ,457551,426670,-1.12908,53.733269,606325032.769867,145992.149294426
184,E07000170,Ashfield, ,450035,355843,-1.25422,53.097469,108522422.369034,57593.506569122
185,E07000171,Bassetlaw, ,468073,384835,-0.9787,53.356041,639297385.903076,136469.052799925
186,E07000172,Broxtowe, ,449829,341893,-1.25944,52.972099,79451505.742569,52747.5671153141
187,E07000173,Gedling, ,459184,347811,-1.11907,53.024342,120120105.895264,59267.8599647837
188,E07000174,Mansfield, ,455047,363637,-1.17804,53.16703,78367820.4682922,45444.4194636808
189,E07000175,Newark and Sherwood, ,470624,357451,-0.94643,53.1096,651135384.66629,159292.081065811
190,E07000176,Rushcliffe, ,466606,335453,-1.01097,52.912399,410575266.204102,104457.668921033
191,E07000177,Cherwell, ,449301,221201,-1.28506,51.887199,590762121.522362,184794.721033809
192,E07000178,Oxford, ,452277,206368,-1.24405,51.753571,45105986.515358,30243.6411134712
193,E07000179,South Oxfordshire, ,463890,191964,-1.07847,51.622879,676304174.131805,172264.462060174
194,E07000180,Vale of White Horse, ,435693,195197,-1.48543,51.65443,582881906.936699,146014.889847101
195,E07000181,West Oxfordshire, ,434343,215816,-1.50292,51.839901,713073679.60807,132447.034713829
196,E07000187,Mendip, ,362238,144090,-2.54178,51.194759,740774473.206623,164479.721956446
197,E07000188,Sedgemoor, ,338429,143998,-2.88246,51.19186,567104633.456905,160376.464874186
198,E07000189,South Somerset, ,345633,120798,-2.77588,50.98399,962131766.52545,195453.927770243
199,E07000192,Cannock Chase, ,401261,311553,-1.98277,52.70166,79674051.0893326,41988.8442549197
200,E07000193,East Staffordshire, ,412601,326569,-1.81438,52.83651,394049047.610291,138083.11500162
201,E07000194,Lichfield, ,416283,310967,-1.76049,52.696152,328434453.312813,104021.813450823
202,E07000195,Newcastle-under-Lyme, ,378199,345174,-2.32631,53.003448,210621411.87487,87776.1226300062
203,E07000196,South Staffordshire, ,389625,311037,-2.15495,52.696918,409479803.07016,152655.33275047
204,E07000197,Stafford, ,389001,327836,-2.16475,52.847919,598925439.774628,128778.872274956
205,E07000198,Staffordshire Moorlands, ,400543,352443,-1.99334,53.069241,576424736.127121,120005.200161328
206,E07000199,Tamworth, ,421455,302550,-1.68451,52.620312,30613879.379425,25384.2756741617
207,E07000200,Babergh, ,599987,244692,0.916149,52.064499,594963367.444702,143747.531735955
208,E07000202,Ipswich, ,617161,244456,1.166145,52.05592,40844683.5324249,29187.8756753917
209,E07000203,Mid Suffolk, ,611646,262338,1.096953,52.21859,873326991.566818,159692.968871504
210,E07000207,Elmbridge, ,511882,163658,-0.39441,51.360981,95445511.9430771,43265.2412446416
211,E07000208,Epsom and Ewell, ,521176,161475,-0.26172,51.339451,34819300.3767624,26065.5221260547
212,E07000209,Guildford, ,500408,151481,-0.56257,51.253658,271962367.118828,104284.418643208
213,E07000210,Mole Valley, ,518377,148953,-0.30603,51.227489,256062692.343849,84131.8636408555
214,E07000211,Reigate and Banstead, ,525786,152574,-0.19871,51.258461,129075181.822792,61530.9442699762
215,E07000212,Runnymede, ,501777,166979,-0.53855,51.392731,79350129.2237167,37971.652042701
216,E07000213,Spelthorne, ,507012,169622,-0.46254,51.41552,51875873.9542999,34314.7997371659
217,E07000214,Surrey Heath, ,491362,160483,-0.68986,51.336102,97022373.4408112,46464.6679289864
218,E07000215,Tandridge, ,536365,150325,-0.04805,51.235809,247431183.307289,69706.0396709635
219,E07000216,Waverley, ,496363,140635,-0.62343,51.15686,342995306.936611,103643.071903214
220,E07000217,Woking, ,499087,157542,-0.57982,51.308369,61706657.2486191,41474.9128572706
221,E07000218,North Warwickshire, ,425570,296399,-1.6242,52.564838,285090612.987732,96478.8783679953
222,E07000219,Nuneaton and Bedworth, ,435419,289352,-1.47965,52.500938,77956834.2374802,40985.6677355621
223,E07000220,Rugby, ,446498,276244,-1.31828,52.382278,349027031.216866,96983.2055659896
224,E07000221,Stratford-on-Avon, ,425019,251536,-1.63565,52.161541,979529720.230164,217998.265507714
225,E07000222,Warwick, ,428484,267113,-1.58369,52.301418,283003861.245522,91460.5108497818
226,E07000223,Adur, ,518076,106472,-0.32417,50.845718,41256603.4801254,31646.783515532
227,E07000224,Arun, ,495144,105723,-0.64999,50.843208,224516471.820416,96774.63907898
228,E07000225,Chichester, ,490285,116600,-0.7163,50.941769,786850847.48756,182043.178219739
229,E07000226,Crawley, ,526390,137581,-0.19533,51.123569,45831355.9339828,33575.9877817937
230,E07000227,Horsham, ,513674,123840,-0.38126,51.00272,530018507.857235,128161.261463293
231,E07000228,Mid Sussex, ,533054,130623,-0.10272,51.059528,336802141.145512,108958.988468415
232,E07000229,Worthing, ,512679,104948,-0.40127,50.833099,30613446.7289047,25741.8272547054
233,E07000234,Bromsgrove, ,399840,273736,-2.00376,52.361691,218023939.407845,90567.132107399
234,E07000235,Malvern Hills, ,377465,252197,-2.33089,52.16758,579708192.719101,187652.468043311
235,E07000236,Redditch, ,403705,265253,-1.9471,52.285412,55070594.8725739,32533.5188480734
236,E07000237,Worcester, ,385725,255196,-2.21025,52.19482,34532079.0234528,23906.971747603
237,E07000238,Wychavon, ,398991,247839,-2.01614,52.12886,659848231.501556,184017.0813052
238,E07000239,Wyre Forest, ,384106,276388,-2.23494,52.3853,196196712.412308,82043.4435907608
239,E07000240,St Albans, ,514580,209623,-0.3407,51.77356,158865311.523544,63002.8257210594
240,E07000241,Welwyn Hatfield, ,525345,208467,-0.18518,51.760872,129449585.049072,69326.056596373
241,E07000242,East Hertfordshire, ,537995,220370,0.002739,51.864849,477740893.573364,112056.976391477
242,E07000243,Stevenage, ,524622,224531,-0.18987,51.905392,26824166.0814133,22050.2143265599
243,E07000244,East Suffolk, ,636043,266272,1.456186,52.243992,1281461206.28247,230638.67610134
244,E07000245,West Suffolk, ,580944,271124,0.652769,52.308418,1034496710.3861,220613.29740625
245,E07000246,Somerset West and Taunton, ,304960,130228,-3.35766,51.06348,1191177860.49495,233156.429711713
246,E08000001,Bolton, ,368352,409873,-2.47952,53.584492,138708159.810562,64700.0073741873
247,E08000002,Bury, ,379658,410768,-2.3088,53.593102,100752668.832565,57024.343964005
248,E08000003,Manchester, ,384591,397063,-2.23359,53.470089,111895372.049988,69389.3342447551
249,E08000004,Oldham, ,396603,406784,-2.05274,53.557678,144009083.688797,60962.5161536524
250,E08000005,Rochdale, ,390315,412326,-2.14784,53.60741,156240276.628983,70324.1997306319
251,E08000006,Salford, ,374556,398128,-2.38485,53.479271,97966760.8522491,56607.4574926673
252,E08000007,Stockport, ,391806,388264,-2.12467,53.391159,125536175.953476,56951.0021071987
253,E08000008,Tameside, ,394987,397995,-2.077,53.478668,102159712.453125,43841.7215072139
254,E08000009,Trafford, ,375790,391162,-2.36572,53.41671,108001520.134262,50772.1551214183
255,E08000010,Wigan, ,362136,402126,-2.57247,53.51445,188328606.718338,71520.3471690432
256,E08000011,Knowsley, ,344762,393778,-2.83297,53.437881,86257644.2380219,57788.9038805896
257,E08000012,Liverpool, ,339361,390553,-2.91364,53.408298,112980859.111855,54583.1661367886
258,E08000013,St. Helens, ,353412,395992,-2.7031,53.458618,135955079.347725,64907.6417699786
259,E08000014,Sefton, ,334282,398832,-2.99177,53.482101,153244592.75576,90566.5308544862
260,E08000015,Wirral, ,329110,386965,-3.06701,53.374779,152732388.201942,55500.3984764308
261,E08000016,Barnsley, ,429979,403327,-1.54925,53.525768,327231730.553528,106147.881594816
262,E08000017,Doncaster, ,459167,403735,-1.10894,53.52697,567273208.501099,116245.904311694
263,E08000018,Rotherham, ,447542,388980,-1.28651,53.395531,289185192.302475,88845.3632514031
264,E08000019,Sheffield, ,430511,389736,-1.54254,53.40358,366749529.310562,114173.751548161
265,E08000021,Newcastle upon Tyne, ,422287,569662,-1.65297,55.021011,113009178.205811,53436.5447599312
266,E08000022,North Tyneside, ,431471,570602,-1.50923,55.028961,83782864.3469696,48716.7325444163
267,E08000023,South Tyneside, ,435514,564057,-1.44679,54.969879,62186626.2331696,33704.0447748324
268,E08000024,Sunderland, ,436470,551524,-1.43344,54.857189,136397343.069168,57291.2728352348
269,E08000025,Birmingham, ,408150,287352,-1.88141,52.484039,269026608.653671,88776.3432187477
270,E08000026,Coventry, ,432807,279689,-1.51908,52.41423,99799013.6588593,43481.4057273969
271,E08000027,Dudley, ,393191,288584,-2.10171,52.495129,97264778.3219223,60125.2237570879
272,E08000028,Sandwell, ,399573,290764,-2.00771,52.514771,85222122.4991226,48306.2485949548
273,E08000029,Solihull, ,419434,281483,-1.71558,52.431,177542587.9058,82695.4607729411
274,E08000030,Walsall, ,402098,300804,-1.97044,52.60503,104027261.810837,49836.8728324194
275,E08000031,Wolverhampton, ,391463,300016,-2.12746,52.597881,69466620.7597809,41126.9610793456
276,E08000032,Bradford, ,408395,438626,-1.87389,53.843819,368386843.278992,113226.190390702
277,E08000033,Calderdale, ,402617,424896,-1.96182,53.720482,367618489.551361,94050.2456636643
278,E08000034,Kirklees, ,414586,416223,-1.78085,53.64233,405306353.685074,106837.808448509
279,E08000035,Leeds, ,432528,436384,-1.50736,53.822731,550578568.396973,133753.100779886
280,E08000036,Wakefield, ,438366,418235,-1.42092,53.659222,337273075.097092,90373.7394989731
281,E08000037,Gateshead, ,420168,559658,-1.6868,54.931198,147556282.328903,67934.528109842
282,E09000001,City of London, ,532382,181358,-0.09351,51.51564,2677107.49684143,6902.14934515467
283,E09000002,Barking and Dagenham, ,547757,185111,0.129479,51.545551,36393697.9841843,31245.4856891574
284,E09000003,Barnet, ,523473,191752,-0.21819,51.611069,86664945.9042206,41943.7866617034
285,E09000004,Bexley, ,549202,175434,0.146212,51.458221,61697805.2041397,36622.0074469362
286,E09000005,Brent, ,519615,186465,-0.27568,51.564381,44179370.1184082,33216.3568265264
287,E09000006,Bromley, ,542036,165707,0.039246,51.372662,150198654.580467,63022.5056476342
288,E09000007,Camden, ,527491,184283,-0.16291,51.543049,21269432.2465897,22059.4704119237
289,E09000008,Croydon, ,533922,164744,-0.07761,51.365971,85975711.5309143,46714.4531337075
290,E09000009,Ealing, ,517055,181959,-0.3141,51.524422,54703293.5004959,39296.8632324368
291,E09000010,Enfield, ,532831,196198,-0.08144,51.648891,83007482.2971954,37695.486839901
292,E09000011,Greenwich, ,542507,175878,0.050093,51.46394,47364920.2022247,37969.7378220854
293,E09000012,Hackney, ,534560,185787,-0.06045,51.55492,19832945.1758347,21351.2425933913
294,E09000013,Hammersmith and Fulham, ,523867,177993,-0.21735,51.487331,17334834.7195663,20302.428508753
295,E09000014,Haringey, ,531260,189349,-0.1067,51.587711,28656867.0462112,25726.8573241027
296,E09000015,Harrow, ,515359,189736,-0.33598,51.594669,51801479.5922928,31182.0556027942
297,E09000016,Havering, ,555032,187514,0.235368,51.565189,113343665.892075,58349.8663174561
298,E09000017,Hillingdon, ,508166,183121,-0.44182,51.53664,115513311.430077,55983.0930020593
299,E09000018,Hounslow, ,512737,174959,-0.37855,51.462379,56820418.8694992,46714.5720246651
300,E09000019,Islington, ,531160,184645,-0.10989,51.54546,15147055.2425613,17529.0688543184
301,E09000020,Kensington and Chelsea, ,525756,179058,-0.18977,51.496479,11387818.7860947,17844.7683544188
302,E09000021,Kingston upon Thames, ,519508,167389,-0.28367,51.39296,37995748.2761383,33046.9283689113
303,E09000022,Lambeth, ,531118,175629,-0.11385,51.464451,27177208.1917801,28899.8950071749
304,E09000023,Lewisham, ,537888,173343,-0.01734,51.442299,34353959.8027191,30904.1414076361
305,E09000024,Merton, ,526068,169508,-0.18868,51.41058,37363811.4061203,27911.0759982996
306,E09000025,Newham, ,540713,183346,0.027261,51.53149,37051275.3788605,25736.2094288913
307,E09000026,Redbridge, ,543512,189477,0.070085,51.58588,57732626.1653061,36057.1402258099
308,E09000027,Richmond upon Thames, ,519005,172650,-0.28914,51.44035,57385306.9700165,45187.667786817
309,E09000028,Southwark, ,533945,175869,-0.07308,51.465939,29837788.9061737,28196.2949321686
310,E09000029,Sutton, ,527357,163639,-0.17226,51.357552,44490891.071579,32955.8516850641
311,E09000030,Tower Hamlets, ,536340,181452,-0.03647,51.515541,19520193.7716599,25467.5256754541
312,E09000031,Waltham Forest, ,537328,190278,-0.0188,51.594608,39280519.9152603,28358.2612712938
313,E09000032,Wandsworth, ,525152,174138,-0.20021,51.4524,35067705.1437759,32987.7564779204
314,E09000033,Westminster, ,528268,180871,-0.15295,51.512211,22896812.7878189,22657.0608258363
315,N09000001,Antrim and Newtownabbey, ,130813,541285,-6.1776,54.693859,725800900.120255,145231.019636579
316,N09000002,"Armagh City, Banbridge and Craigavon", ,112110,508158,-6.43455,54.3867,1436130448.67182,200894.669391751
317,N09000003,Belfast, ,146465,529747,-5.92535,54.59853,137794023.258202,55370.6109094332
318,N09000004,Causeway Coast and Glens, ,106168,581420,-6.5996,55.039619,1985252735.1104,285674.037232756
319,N09000005,Derry City and Strabane, ,51779,559566,-7.42064,54.80904,1246637562.23222,232729.547862666
320,N09000006,Fermanagh and Omagh, ,41233,513013,-7.5271,54.385208,3009094379.15598,353603.406453789
321,N09000007,Lisburn and Castlereagh, ,138712,518920,-6.03545,54.49752,511681221.176647,133181.9440907
322,N09000008,Mid and East Antrim, ,133943,560151,-6.14645,54.86462,1064497440.10838,198438.99519978
323,N09000009,Mid Ulster, ,83920,528564,-6.8889,54.552731,1960344170.3862,267949.605613351
324,N09000010,"Newry, Mourne and Down", ,133006,480432,-6.08891,54.149529,1686596198.20423,292916.734120249
325,N09000011,Ards and North Down, ,164321,524944,-5.64568,54.564091,568030925.714066,133209.664417331
326,S12000005,Clackmannanshire, ,291178,696402,-3.75316,56.147839,162845671.371445,72429.9851635155
327,S12000006,Dumfries and Galloway, ,270645,579856,-4.02863,55.09621,6444952850.35069,672022.01350868
328,S12000008,East Ayrshire, ,255398,624935,-4.29057,55.496738,1272832615.86668,276686.020027799
329,S12000010,East Lothian, ,354854,672351,-2.72435,55.94207,678145466.358948,140169.732804195
330,S12000011,East Renfrewshire, ,251929,653115,-4.3606,55.74868,175683611.934464,75237.1219538965
331,S12000013,Na h-Eileanan Siar, ,126473,932862,-6.65722,58.199379,3039462599.19976,1593167.0549543
332,S12000014,Falkirk, ,285585,680168,-3.83619,56.000751,299676135.103714,106975.968824335
333,S12000017,Highland, ,241018,858292,-4.66103,57.586571,26120229952.3146,3079164.071831
334,S12000018,Inverclyde, ,227922,670894,-4.75387,55.900299,163739790.867371,61850.5557012329
335,S12000019,Midlothian, ,330088,659217,-3.11738,55.82111,354813985.93425,110233.8412277
336,S12000020,Moray, ,328015,843590,-3.20202,57.476799,2250629823.26299,339064.95723047
337,S12000021,North Ayrshire, ,228996,651640,-4.7246,55.72789,880765500.525146,256094.958325884
338,S12000023,Orkney Islands, ,348293,1006584,-2.90025,58.94334,992883156.489838,769814.665447989
339,S12000026,Scottish Borders, ,345889,626137,-2.85869,55.525951,4743912164.192,430321.291325719
340,S12000027,Shetland Islands, ,434516,1180307,-1.37344,60.504951,1430696670.63419,1177104.67511641
341,S12000028,South Ayrshire, ,226545,596271,-4.72899,55.23008,1221022680.30987,246312.345711274
342,S12000029,South Lanarkshire, ,284634,636071,-3.83272,55.60453,1771615500.64397,247590.081940624
343,S12000030,Stirling, ,255980,708769,-4.32595,56.249531,2259083398.41556,286927.508850726
344,S12000033,Aberdeen City, ,387763,808479,-2.20398,57.166969,185667092.21994,81173.5111329446
345,S12000034,Aberdeenshire, ,352284,816277,-2.79208,57.234692,6322067831.69095,549723.371705764
346,S12000035,Argyll and Bute, ,200740,715443,-5.22114,56.28944,6963138771.98333,2180350.78630941
347,S12000036,City of Edinburgh, ,320193,669417,-3.27826,55.911201,263257592.273697,88848.0166088863
348,S12000038,Renfrewshire, ,239305,664698,-4.56834,55.848621,269710252.350418,89379.6235306389
349,S12000039,West Dunbartonshire, ,242904,681586,-4.52074,56.0014,179457861.602951,73529.8749478943
350,S12000040,West Lothian, ,299483,668514,-3.60909,55.8992,427172577.852386,113022.03440032
351,S12000041,Angus, ,345506,759636,-2.8921,56.725182,2194117982.38484,245544.533640246
352,S12000042,Dundee City, ,340291,732145,-2.97095,56.4776,57820895.5427551,39629.433468433
353,S12000045,East Dunbartonshire, ,261240,676154,-4.22417,55.95829,173578352.18251,83606.6273080683
354,S12000047,Fife, ,339187,704721,-2.98251,56.231121,1323366821.52615,248412.092550438
355,S12000048,Perth and Kinross, ,284302,744185,-3.88484,56.575279,5385358556.56885,485181.931058911
356,S12000049,Glasgow City, ,261534,667033,-4.21479,55.876492,178529066.400253,87927.4678219518
357,S12000050,North Lanarkshire, ,277984,665608,-3.9514,55.868141,470403040.707123,139061.786893944
358,W06000001,Isle of Anglesey,Ynys Môn,245217,378331,-4.32298,53.279308,715231442.082924,178589.246642386
359,W06000002,Gwynedd,Gwynedd,280555,334966,-3.77715,52.89883,2553444316.26089,411970.88487908
360,W06000003,Conwy,Conwy,283293,362563,-3.74646,53.147388,1137241708.58848,196263.774907246
361,W06000004,Denbighshire,Sir Ddinbych,309843,355416,-3.34761,53.088329,834235355.649078,188272.099609995
362,W06000005,Flintshire,Sir y Fflint,321134,369280,-3.18248,53.21471,433977619.035652,129153.46133386
363,W06000006,Wrexham,Wrecsam,333523,345387,-2.99203,53.001671,506885367.147919,155283.77627925
364,W06000008,Ceredigion,Ceredigion,267127,268437,-3.94993,52.297951,1781834006.27248,256694.621940526
365,W06000009,Pembrokeshire,Sir Benfro,199821,221392,-4.90818,51.855129,1628791540.66992,361065.09951194
366,W06000010,Carmarthenshire,Sir Gaerfyrddin,247954,224133,-4.2111,51.894951,2381092295.34467,284419.084953587
367,W06000011,Swansea,Abertawe,264022,197308,-3.96723,51.658058,383642324.151161,116627.963704057
368,W06000012,Neath Port Talbot,Castell-nedd Port Talbot,279261,195412,-3.74638,51.644501,446558250.22184,119094.920796963
369,W06000013,Bridgend,Pen-y-bont ar Ogwr,288231,185870,-3.61375,51.5606,249408149.727734,76260.288572421
370,W06000014,Vale of Glamorgan,Bro Morgannwg,302947,173080,-3.39801,51.44836,329187507.046158,86698.3425244419
371,W06000015,Cardiff,Caerdydd,315272,178887,-3.22209,51.502541,142068104.619137,54383.2370706351
372,W06000016,Rhondda Cynon Taf,Rhondda Cynon Taf,302237,192395,-3.41359,51.621849,422322765.345913,112336.533505479
373,W06000018,Caerphilly,Caerffili,317245,195259,-3.19753,51.650009,277815064.267841,98224.5000004764
374,W06000019,Blaenau Gwent,Blaenau Gwent,318236,206771,-3.18592,51.753639,109273372.239006,58166.9529683021
375,W06000020,Torfaen,Torfaen,327459,200480,-3.05101,51.69836,125716747.279713,68469.967277748
376,W06000021,Monmouthshire,Sir Fynwy,337812,209231,-2.9028,51.778271,854473491.101738,181596.745221589
377,W06000022,Newport,Casnewydd,337897,187432,-2.89769,51.58231,192540015.193893,81882.1942381903
378,W06000023,Powys,Powys,302329,273255,-3.43531,52.34864,5199755131.46536,504309.884311879
379,W06000024,Merthyr Tydfil,Merthyr Tudful,305916,206424,-3.36425,51.748581,113429186.940109,59195.3263419334
